Id_projecte,Nom_projecte,Id_retorn,Dimensió,Indicador_retorn,Valor_objectiu,Valor_actual,Unitat,Data_mesura
P01,Campus d’Emprenedoria Disruptiu,RT01,Ocupació i talent,Nous llocs de treball vinculats al territori,15,11,FTE,2026-12-04
P01,Campus d’Emprenedoria Disruptiu,RT02,Economia,Despesa/contractació amb proveïdors locals,150000,118000,EUR,2026-12-04
P01,Campus d’Emprenedoria Disruptiu,RT03,Innovació,Pilots desenvolupats al territori,10,8,pilots,2026-12-04
P02,Network4Work,RT01,Ecosistema,Aliances locals actives,25,14,aliances,2026-09-19
P02,Network4Work,RT02,Ocupació i talent,Connexions talent-oportunitats locals,30,12,connexions,2026-09-19
P02,Network4Work,RT03,Coneixement,Agents formats/intercanvis,40,21,agents,2026-09-19
P03,C4TALENT,RT01,Ocupació i talent,Iniciatives d’atracció/retenció,20,16,iniciatives,2025-12-31
P03,C4TALENT,RT02,Ecosistema,Noves aliances o compromisos,25,21,aliances,2025-12-31
P03,C4TALENT,RT03,Coneixement,Accions de transferència,15,13,accions,2025-12-31
